contractSymbol,lastTradeDate,strike,lastPrice,bid,ask,change,percentChange,volume,openInterest,impliedVolatility,inTheMoney,contractSize,currency,Highlight,Std Deviation
SPY240731P00320000,2024-07-30 15:20:32+00:00,320.0,0.01,0.0,0.0,0.0,0.0,1.0,0,0.500005,False,REGULAR,USD,,
SPY240731C00320000,2024-07-30 14:00:29+00:00,320.0,226.28,0.0,0.0,0.0,0.0,6.0,0,1.0000000000000003e-05,True,REGULAR,USD,,
SPY240731P00325000,2024-07-22 13:31:09+00:00,325.0,0.01,0.0,0.0,0.0,0.0,1.0,0,0.500005,False,REGULAR,USD,,
SPY240731C00325000,2024-04-25 15:52:58+00:00,325.0,177.87,205.82,206.73,0.0,0.0,,2,1.0000000000000003e-05,True,REGULAR,USD,,
SPY240731P00330000,2024-07-12 19:35:09+00:00,330.0,0.01,0.0,0.0,0.0,0.0,180.0,0,0.500005,False,REGULAR,USD,,
SPY240731C00330000,2024-07-05 17:01:23+00:00,330.0,224.77,0.0,0.0,0.0,0.0,2.0,0,1.0000000000000003e-05,True,REGULAR,USD,,
SPY240731C00335000,2024-06-28 13:52:00+00:00,335.0,214.66,209.37,209.85,0.0,0.0,1.0,3,5.59961237548828,True,REGULAR,USD,,
SPY240731P00335000,2024-07-17 13:58:26+00:00,335.0,0.01,0.0,0.0,0.0,0.0,13.0,0,0.500005,False,REGULAR,USD,,
SPY240731C00340000,2024-04-25 15:52:50+00:00,340.0,163.12,191.01,191.89,0.0,0.0,,6,1.0000000000000003e-05,True,REGULAR,USD,,
SPY240731P00340000,2024-07-24 15:09:53+00:00,340.0,0.01,0.0,0.0,0.0,0.0,10.0,0,0.500005,False,REGULAR,USD,,
SPY240731C00345000,2024-05-09 15:14:46+00:00,345.0,177.1,189.53,190.23,0.0,0.0,2.0,4,1.0000000000000003e-05,True,REGULAR,USD,,
SPY240731P00345000,2024-07-19 19:53:52+00:00,345.0,0.01,0.0,0.0,0.0,0.0,40.0,0,0.500005,False,REGULAR,USD,,
SPY240731C00350000,2024-04-30 14:59:56+00:00,350.0,162.25,175.88,176.65,0.0,0.0,2.0,8,1.0000000000000003e-05,True,REGULAR,USD,,
SPY240731P00350000,2024-07-30 14:04:47+00:00,350.0,0.01,0.0,0.0,0.0,0.0,40.0,0,0.500005,False,REGULAR,USD,,
SPY240731C00355000,2024-04-25 13:56:51+00:00,355.0,147.21,176.21,177.07,0.0,0.0,4.0,6,1.0000000000000003e-05,True,REGULAR,USD,,
SPY240731P00355000,2024-07-18 13:35:18+00:00,355.0,0.01,0.0,0.0,0.0,0.0,210.0,0,1.000005,False,REGULAR,USD,,
SPY240731P00360000,2024-07-29 19:42:47+00:00,360.0,0.01,0.0,0.0,0.0,0.0,1.0,0,0.500005,False,REGULAR,USD,,
SPY240731C00360000,2024-04-25 15:52:19+00:00,360.0,143.89,171.28,172.13,0.0,0.0,2.0,5,1.0000000000000003e-05,True,REGULAR,USD,,
SPY240731C00365000,2024-06-21 14:02:06+00:00,365.0,181.7,183.92,184.3,0.0,0.0,4.0,8,6.05566649291992,True,REGULAR,USD,,
SPY240731P00365000,2024-07-15 17:08:25+00:00,365.0,0.02,0.0,0.0,0.0,0.0,20.0,0,0.500005,False,REGULAR,USD,,
SPY240731P00370000,2024-07-16 15:13:05+00:00,370.0,0.01,0.0,0.0,0.0,0.0,13.0,0,0.500005,False,REGULAR,USD,,
SPY240731C00370000,2024-06-20 13:32:15+00:00,370.0,179.81,178.93,179.31,0.0,0.0,6.0,7,5.895022162475587,True,REGULAR,USD,,
SPY240731P00375000,2024-07-15 19:46:19+00:00,375.0,0.01,0.0,0.0,0.0,0.0,110.0,0,0.500005,False,REGULAR,USD,,
SPY240731C00375000,2024-04-25 13:55:54+00:00,375.0,127.86,156.49,157.32,0.0,0.0,4.0,7,1.0000000000000003e-05,True,REGULAR,USD,,
SPY240731C00380000,2024-06-20 14:24:39+00:00,380.0,169.99,168.95,169.33,0.0,0.0,5.0,4,5.578616307983398,True,REGULAR,USD,,
SPY240731P00380000,2024-07-24 18:03:25+00:00,380.0,0.01,0.0,0.0,0.0,0.0,10.0,0,0.500005,False,REGULAR,USD,,
SPY240731P00385000,2024-07-30 20:13:56+00:00,385.0,0.01,0.0,0.0,0.0,0.0,3.0,0,0.500005,False,REGULAR,USD,,
SPY240731C00385000,2024-04-23 17:09:27+00:00,385.0,125.48,0.0,0.0,0.0,0.0,2.0,0,1.0000000000000003e-05,True,REGULAR,USD,,
SPY240731C00390000,2024-04-24 14:58:20+00:00,390.0,120.3,140.82,141.64,0.0,0.0,2.0,4,1.0000000000000003e-05,True,REGULAR,USD,,
SPY240731P00390000,2024-07-25 13:56:51+00:00,390.0,0.01,0.0,0.0,0.0,0.0,1.0,0,0.500005,False,REGULAR,USD,,
SPY240731C00395000,2024-07-25 16:10:02+00:00,395.0,149.45,0.0,0.0,0.0,0.0,1.0,0,1.0000000000000003e-05,True,REGULAR,USD,,
SPY240731P00395000,2024-07-25 13:31:27+00:00,395.0,0.01,0.0,0.0,0.0,0.0,1.0,0,0.500005,False,REGULAR,USD,,
SPY240731C00400000,2024-07-29 18:31:39+00:00,400.0,144.79,0.0,0.0,0.0,0.0,1.0,0,1.0000000000000003e-05,True,REGULAR,USD,,
SPY240731P00400000,2024-07-25 15:15:28+00:00,400.0,0.01,0.0,0.0,0.0,0.0,3.0,0,0.500005,False,REGULAR,USD,,
SPY240731P00405000,2024-07-24 15:56:57+00:00,405.0,0.01,0.0,0.0,0.0,0.0,7.0,0,0.500005,False,REGULAR,USD,,
SPY240731C00405000,2024-06-21 14:25:19+00:00,405.0,142.06,144.01,144.38,0.0,0.0,2.0,6,4.812992265014647,True,REGULAR,USD,,
SPY240731C00410000,2024-07-29 13:42:08+00:00,410.0,135.9,0.0,0.0,0.0,0.0,10.0,0,1.0000000000000003e-05,True,REGULAR,USD,,
SPY240731P00410000,2024-07-25 17:41:19+00:00,410.0,0.01,0.0,0.0,0.0,0.0,22.0,0,0.500005,False,REGULAR,USD,,
SPY240731P00415000,2024-07-26 14:45:16+00:00,415.0,0.01,0.0,0.0,0.0,0.0,2.0,0,0.500005,False,REGULAR,USD,,
SPY240731C00415000,2024-07-30 13:36:12+00:00,415.0,131.57,0.0,0.0,0.0,0.0,44.0,0,1.0000000000000003e-05,True,REGULAR,USD,,
SPY240731P00420000,2024-07-26 17:38:36+00:00,420.0,0.01,0.0,0.0,0.0,0.0,4.0,0,0.500005,False,REGULAR,USD,,
SPY240731C00420000,2024-05-31 16:00:13+00:00,420.0,102.09,126.94,127.63,0.0,0.0,7.0,15,3.979492238769531,True,REGULAR,USD,,
SPY240731C00425000,2024-07-15 18:38:04+00:00,425.0,137.82,0.0,0.0,0.0,0.0,1.0,0,1.0000000000000003e-05,True,REGULAR,USD,,
SPY240731P00425000,2024-07-29 15:10:03+00:00,425.0,0.01,0.0,0.0,0.0,0.0,9.0,0,0.500005,False,REGULAR,USD,,
SPY240731C00430000,2024-07-30 14:26:04+00:00,430.0,115.08,0.0,0.0,0.0,0.0,4.0,0,1.0000000000000003e-05,True,REGULAR,USD,,
SPY240731P00430000,2024-07-25 14:56:58+00:00,430.0,0.03,0.0,0.0,0.0,0.0,1.0,0,0.500005,False,REGULAR,USD,,
SPY240731C00435000,2024-07-18 18:40:26+00:00,435.0,118.44,0.0,0.0,0.0,0.0,1.0,0,1.0000000000000003e-05,True,REGULAR,USD,,
SPY240731P00435000,2024-07-30 17:01:44+00:00,435.0,0.01,0.0,0.0,0.0,0.0,201.0,0,0.500005,False,REGULAR,USD,,
SPY240731C00439000,2024-06-04 13:58:14+00:00,439.0,90.05,114.11,114.55,0.0,0.0,1.0,0,4.459965362548829,True,REGULAR,USD,,
SPY240731P00439000,2024-07-26 15:05:26+00:00,439.0,0.02,0.0,0.0,0.0,0.0,4443.0,0,0.500005,False,REGULAR,USD,,
SPY240731C00440000,2024-07-30 17:03:55+00:00,440.0,98.68,0.0,0.0,0.0,0.0,4.0,0,1.0000000000000003e-05,True,REGULAR,USD,,
SPY240731P00440000,2024-07-26 14:46:00+00:00,440.0,0.01,0.0,0.0,0.0,0.0,3000.0,0,0.500005,False,REGULAR,USD,,
SPY240731C00441000,2024-06-26 13:39:10+00:00,441.0,105.33,101.27,101.8,0.0,0.0,1.0,35,2.041997082519531,True,REGULAR,USD,,
SPY240731P00441000,2024-07-26 14:03:41+00:00,441.0,0.01,0.0,0.0,0.0,0.0,1901.0,0,0.500005,False,REGULAR,USD,,
SPY240731C00442000,2024-05-06 15:38:55+00:00,442.0,77.48,94.74,95.33,0.0,0.0,,1,1.0000000000000003e-05,True,REGULAR,USD,,
SPY240731P00442000,2024-07-26 14:25:45+00:00,442.0,0.01,0.0,0.0,0.0,0.0,8.0,0,0.500005,False,REGULAR,USD,,
SPY240731P00443000,2024-07-30 14:08:59+00:00,443.0,0.01,0.0,0.0,0.0,0.0,4.0,0,0.500005,False,REGULAR,USD,,
SPY240731C00443000,2024-07-30 19:50:17+00:00,443.0,100.42,0.0,0.0,0.0,0.0,2.0,0,1.0000000000000003e-05,True,REGULAR,USD,,
SPY240731P00444000,2024-07-24 19:20:26+00:00,444.0,0.06,0.0,0.0,0.0,0.0,2.0,0,0.500005,False,REGULAR,USD,,
SPY240731C00444000,2024-07-24 14:21:52+00:00,444.0,102.38,0.0,0.0,0.0,0.0,2.0,0,1.0000000000000003e-05,True,REGULAR,USD,,
SPY240731P00445000,2024-07-22 17:34:24+00:00,445.0,0.03,0.0,0.0,0.0,0.0,3000.0,0,0.500005,False,REGULAR,USD,,
SPY240731C00445000,2024-07-29 18:35:38+00:00,445.0,99.91,0.0,0.0,0.0,0.0,1.0,0,1.0000000000000003e-05,True,REGULAR,USD,,
SPY240731C00446000,2024-07-29 18:44:43+00:00,446.0,99.09,0.0,0.0,0.0,0.0,2.0,0,1.0000000000000003e-05,True,REGULAR,USD,,
SPY240731P00446000,2024-07-25 16:04:09+00:00,446.0,0.03,0.0,0.0,0.0,0.0,2.0,0,0.500005,False,REGULAR,USD,,
SPY240731P00447000,2024-07-24 13:33:42+00:00,447.0,0.01,0.0,0.0,0.0,0.0,4.0,0,0.500005,False,REGULAR,USD,,
SPY240731C00447000,2024-06-03 18:20:42+00:00,447.0,81.35,106.18,106.6,0.0,0.0,2.0,21,4.212895358886718,True,REGULAR,USD,,
SPY240731P00448000,2024-07-26 19:10:32+00:00,448.0,0.01,0.0,0.0,0.0,0.0,324.0,0,0.500005,False,REGULAR,USD,,
SPY240731C00448000,2024-07-26 18:46:22+00:00,448.0,96.41,0.0,0.0,0.0,0.0,13.0,0,1.0000000000000003e-05,True,REGULAR,USD,,
SPY240731C00449000,2024-07-23 14:33:30+00:00,449.0,107.57,0.0,0.0,0.0,0.0,1.0,0,1.0000000000000003e-05,True,REGULAR,USD,,
SPY240731P00449000,2024-07-26 19:10:28+00:00,449.0,0.01,0.0,0.0,0.0,0.0,326.0,0,0.500005,False,REGULAR,USD,,
SPY240731P00450000,2024-07-26 19:34:21+00:00,450.0,0.01,0.0,0.0,0.0,0.0,17.0,0,0.500005,False,REGULAR,USD,,
SPY240731C00450000,2024-07-30 16:14:52+00:00,450.0,90.95,0.0,0.0,0.0,0.0,3.0,0,1.0000000000000003e-05,True,REGULAR,USD,,
SPY240731C00451000,2024-06-21 13:35:18+00:00,451.0,96.6,98.13,98.49,0.0,0.0,1.0,2,3.4726575683593754,True,REGULAR,USD,,
SPY240731P00451000,2024-07-26 19:33:19+00:00,451.0,0.01,0.0,0.0,0.0,0.0,14.0,0,0.500005,False,REGULAR,USD,,
SPY240731P00452000,2024-07-26 16:56:17+00:00,452.0,0.01,0.0,0.0,0.0,0.0,3.0,0,0.500005,False,REGULAR,USD,,
SPY240731C00452000,2024-07-30 17:01:05+00:00,452.0,86.91,0.0,0.0,0.0,0.0,1.0,0,1.0000000000000003e-05,True,REGULAR,USD,,
SPY240731P00453000,2024-07-26 16:52:32+00:00,453.0,0.01,0.0,0.0,0.0,0.0,3.0,0,0.500005,False,REGULAR,USD,,
SPY240731C00453000,2024-07-16 19:56:31+00:00,453.0,113.06,0.0,0.0,0.0,0.0,1.0,0,1.0000000000000003e-05,True,REGULAR,USD,,
SPY240731C00454000,2024-07-18 15:12:59+00:00,454.0,102.49,0.0,0.0,0.0,0.0,2.0,0,1.0000000000000003e-05,True,REGULAR,USD,,
SPY240731P00454000,2024-07-25 18:42:57+00:00,454.0,0.03,0.0,0.0,0.0,0.0,10.0,0,0.500005,False,REGULAR,USD,,
SPY240731P00455000,2024-07-30 16:44:03+00:00,455.0,0.01,0.0,0.0,0.0,0.0,1.0,0,0.500005,False,REGULAR,USD,,
SPY240731C00455000,2024-07-30 14:39:52+00:00,455.0,89.55,0.0,0.0,0.0,0.0,1.0,0,1.0000000000000003e-05,True,REGULAR,USD,,
SPY240731P00456000,2024-07-25 13:44:50+00:00,456.0,0.05,0.0,0.0,0.0,0.0,5.0,0,0.500005,False,REGULAR,USD,,
SPY240731C00456000,2024-06-18 18:42:24+00:00,456.0,93.43,97.41,97.87,0.0,0.0,1.0,18,3.9609375976562498,True,REGULAR,USD,,
SPY240731P00457000,2024-07-25 13:45:11+00:00,457.0,0.05,0.0,0.0,0.0,0.0,5.0,0,0.500005,False,REGULAR,USD,,
SPY240731C00457000,2024-07-30 18:48:26+00:00,457.0,84.54,0.0,0.0,0.0,0.0,8.0,0,1.0000000000000003e-05,True,REGULAR,USD,,
SPY240731P00458000,2024-07-30 17:10:55+00:00,458.0,0.01,0.0,0.0,0.0,0.0,3.0,0,0.500005,False,REGULAR,USD,,
SPY240731C00458000,2024-07-30 18:46:14+00:00,458.0,83.69,0.0,0.0,0.0,0.0,8.0,0,1.0000000000000003e-05,True,REGULAR,USD,,
SPY240731C00459000,2024-07-10 19:44:37+00:00,459.0,102.82,0.0,0.0,0.0,0.0,1.0,0,1.0000000000000003e-05,True,REGULAR,USD,,
SPY240731P00459000,2024-07-26 14:47:01+00:00,459.0,0.02,0.0,0.0,0.0,0.0,14.0,0,0.500005,False,REGULAR,USD,,
SPY240731P00460000,2024-07-26 20:06:26+00:00,460.0,0.02,0.0,0.0,0.0,0.0,32.0,0,0.500005,False,REGULAR,USD,,
SPY240731C00460000,2024-07-30 15:17:59+00:00,460.0,82.21,0.0,0.0,0.0,0.0,1.0,0,1.0000000000000003e-05,True,REGULAR,USD,,
SPY240731P00461000,2024-07-30 20:00:45+00:00,461.0,0.01,0.0,0.0,0.0,0.0,5.0,0,0.500005,False,REGULAR,USD,,
SPY240731C00461000,2024-07-29 18:31:51+00:00,461.0,83.82,0.0,0.0,0.0,0.0,1.0,0,1.0000000000000003e-05,True,REGULAR,USD,,
SPY240731P00462000,2024-07-26 13:53:01+00:00,462.0,0.02,0.0,0.0,0.0,0.0,1.0,0,0.500005,False,REGULAR,USD,,
SPY240731C00462000,2024-07-30 18:43:40+00:00,462.0,80.09,0.0,0.0,0.0,0.0,4.0,0,1.0000000000000003e-05,True,REGULAR,USD,,
SPY240731P00463000,2024-07-26 16:51:05+00:00,463.0,0.01,0.0,0.0,0.0,0.0,6.0,0,0.500005,False,REGULAR,USD,,
SPY240731C00463000,2024-05-17 15:48:17+00:00,463.0,70.23,81.12,81.96,0.0,0.0,3.0,20,2.265141055908203,True,REGULAR,USD,,
SPY240731C00464000,2024-07-23 17:42:46+00:00,464.0,91.08,0.0,0.0,0.0,0.0,2.0,0,1.0000000000000003e-05,True,REGULAR,USD,,
SPY240731P00464000,2024-07-29 13:30:00+00:00,464.0,0.04,0.0,0.0,0.0,0.0,2.0,0,0.500005,False,REGULAR,USD,,
SPY240731C00465000,2024-07-30 17:43:32+00:00,465.0,76.15,0.0,0.0,0.0,0.0,55.0,0,1.0000000000000003e-05,True,REGULAR,USD,,
SPY240731P00465000,2024-07-29 14:01:06+00:00,465.0,0.01,0.0,0.0,0.0,0.0,80.0,0,0.500005,False,REGULAR,USD,,
SPY240731C00466000,2024-05-23 14:55:59+00:00,466.0,67.68,81.91,82.69,0.0,0.0,3.0,5,2.8840359930419917,True,REGULAR,USD,,
SPY240731P00466000,2024-07-26 19:13:06+00:00,466.0,0.02,0.0,0.0,0.0,0.0,44.0,0,0.500005,False,REGULAR,USD,,
SPY240731C00467000,2024-07-25 14:46:24+00:00,467.0,75.14,0.0,0.0,0.0,0.0,1.0,0,1.0000000000000003e-05,True,REGULAR,USD,,
SPY240731P00467000,2024-07-26 16:13:16+00:00,467.0,0.02,0.0,0.0,0.0,0.0,1.0,0,0.500005,False,REGULAR,USD,,
SPY240731P00468000,2024-07-24 16:52:23+00:00,468.0,0.07,0.0,0.0,0.0,0.0,8.0,0,0.500005,False,REGULAR,USD,,
SPY240731C00468000,2024-07-30 18:41:20+00:00,468.0,74.15,0.0,0.0,0.0,0.0,5.0,0,1.0000000000000003e-05,True,REGULAR,USD,,
SPY240731P00469000,2024-07-29 19:50:45+00:00,469.0,0.01,0.0,0.0,0.0,0.0,105.0,0,0.500005,False,REGULAR,USD,,
SPY240731C00469000,2024-07-12 20:04:47+00:00,469.0,92.08,0.0,0.0,0.0,0.0,1.0,0,1.0000000000000003e-05,True,REGULAR,USD,,
SPY240731C00470000,2024-07-30 17:09:31+00:00,470.0,69.81,0.0,0.0,0.0,0.0,2.0,0,1.0000000000000003e-05,True,REGULAR,USD,,
SPY240731P00470000,2024-07-29 19:51:03+00:00,470.0,0.01,0.0,0.0,0.0,0.0,104.0,0,0.500005,False,REGULAR,USD,,
SPY240731C00471000,2024-05-31 18:42:00+00:00,471.0,54.47,76.34,76.98,0.0,0.0,1.0,2,2.6445346386718755,True,REGULAR,USD,,
SPY240731P00471000,2024-07-29 16:05:11+00:00,471.0,0.01,0.0,0.0,0.0,0.0,5.0,0,0.500005,False,REGULAR,USD,,
SPY240731P00472000,2024-07-29 19:54:20+00:00,472.0,0.01,0.0,0.0,0.0,0.0,12.0,0,0.500005,False,REGULAR,USD,,
SPY240731C00472000,2024-07-30 14:37:17+00:00,472.0,72.08,0.0,0.0,0.0,0.0,2.0,0,1.0000000000000003e-05,True,REGULAR,USD,,
SPY240731P00473000,2024-07-29 19:54:32+00:00,473.0,0.01,0.0,0.0,0.0,0.0,44.0,0,0.500005,False,REGULAR,USD,,
SPY240731C00473000,2024-07-23 17:10:46+00:00,473.0,82.19,0.0,0.0,0.0,0.0,25.0,0,1.0000000000000003e-05,True,REGULAR,USD,,
SPY240731C00474000,2024-05-02 14:03:33+00:00,474.0,36.46,57.12,57.76,0.0,0.0,1.0,5,1.0000000000000003e-05,True,REGULAR,USD,,
SPY240731P00474000,2024-07-29 16:34:47+00:00,474.0,0.01,0.0,0.0,0.0,0.0,2.0,0,0.500005,False,REGULAR,USD,,
SPY240731P00475000,2024-07-29 15:10:03+00:00,475.0,0.01,0.0,0.0,0.0,0.0,7.0,0,0.500005,False,REGULAR,USD,,
SPY240731C00475000,2024-07-30 17:00:24+00:00,475.0,64.14,0.0,0.0,0.0,0.0,8.0,0,1.0000000000000003e-05,True,REGULAR,USD,,
SPY240731P00476000,2024-07-29 19:45:23+00:00,476.0,0.01,0.0,0.0,0.0,0.0,63.0,0,0.500005,False,REGULAR,USD,,
SPY240731C00476000,2024-07-25 13:34:49+00:00,476.0,65.34,0.0,0.0,0.0,0.0,4.0,0,1.0000000000000003e-05,True,REGULAR,USD,,
SPY240731P00477000,2024-07-29 19:54:52+00:00,477.0,0.01,0.0,0.0,0.0,0.0,25.0,0,0.500005,False,REGULAR,USD,,
SPY240731C00477000,2024-07-29 18:23:24+00:00,477.0,68.15,0.0,0.0,0.0,0.0,13.0,0,1.0000000000000003e-05,True,REGULAR,USD,,
SPY240731C00478000,2024-07-29 17:43:26+00:00,478.0,67.89,0.0,0.0,0.0,0.0,4.0,0,1.0000000000000003e-05,True,REGULAR,USD,,
SPY240731P00478000,2024-07-30 17:29:58+00:00,478.0,0.01,0.0,0.0,0.0,0.0,2.0,0,0.500005,False,REGULAR,USD,,
SPY240731C00479000,2024-07-24 15:36:07+00:00,479.0,66.38,0.0,0.0,0.0,0.0,1.0,0,1.0000000000000003e-05,True,REGULAR,USD,,
SPY240731P00479000,2024-07-30 17:31:06+00:00,479.0,0.01,0.0,0.0,0.0,0.0,4.0,0,0.500005,False,REGULAR,USD,,
SPY240731P00480000,2024-07-30 20:14:38+00:00,480.0,0.01,0.0,0.0,0.0,0.0,23.0,0,0.500005,False,REGULAR,USD,,
SPY240731C00480000,2024-07-30 17:44:30+00:00,480.0,61.38,0.0,0.0,0.0,0.0,2.0,0,1.0000000000000003e-05,True,REGULAR,USD,,
SPY240731P00481000,2024-07-30 17:40:44+00:00,481.0,0.01,0.0,0.0,0.0,0.0,20.0,0,0.500005,False,REGULAR,USD,,
SPY240731C00481000,2024-07-11 15:18:46+00:00,481.0,79.05,0.0,0.0,0.0,0.0,1.0,0,1.0000000000000003e-05,True,REGULAR,USD,,
SPY240731C00482000,2024-07-17 13:31:50+00:00,482.0,78.44,0.0,0.0,0.0,0.0,1.0,0,1.0000000000000003e-05,True,REGULAR,USD,,
SPY240731P00482000,2024-07-30 18:19:43+00:00,482.0,0.01,0.0,0.0,0.0,0.0,28.0,0,0.500005,False,REGULAR,USD,,
SPY240731P00483000,2024-07-30 18:28:36+00:00,483.0,0.01,0.0,0.0,0.0,0.0,662.0,0,0.500005,False,REGULAR,USD,,
SPY240731C00483000,2024-07-26 14:26:40+00:00,483.0,61.52,0.0,0.0,0.0,0.0,1.0,0,1.0000000000000003e-05,True,REGULAR,USD,,
SPY240731P00484000,2024-07-30 20:03:24+00:00,484.0,0.01,0.0,0.0,0.0,0.0,67.0,0,0.500005,False,REGULAR,USD,,
SPY240731C00484000,2024-07-30 19:48:27+00:00,484.0,59.04,0.0,0.0,0.0,0.0,1.0,0,1.0000000000000003e-05,True,REGULAR,USD,,
SPY240731C00485000,2024-07-30 19:18:52+00:00,485.0,56.62,0.0,0.0,0.0,0.0,283.0,0,1.0000000000000003e-05,True,REGULAR,USD,,
SPY240731P00485000,2024-07-30 19:55:59+00:00,485.0,0.01,0.0,0.0,0.0,0.0,559.0,0,0.500005,False,REGULAR,USD,,
SPY240731C00486000,2024-07-30 19:13:21+00:00,486.0,55.19,0.0,0.0,0.0,0.0,30.0,0,1.0000000000000003e-05,True,REGULAR,USD,,
SPY240731P00486000,2024-07-30 20:04:16+00:00,486.0,0.01,0.0,0.0,0.0,0.0,679.0,0,0.500005,False,REGULAR,USD,,
SPY240731P00487000,2024-07-30 19:56:47+00:00,487.0,0.01,0.0,0.0,0.0,0.0,862.0,0,0.500005,False,REGULAR,USD,,
SPY240731C00487000,2024-07-25 18:39:03+00:00,487.0,56.45,0.0,0.0,0.0,0.0,1.0,0,1.0000000000000003e-05,True,REGULAR,USD,,
SPY240731P00488000,2024-07-30 19:56:12+00:00,488.0,0.01,0.0,0.0,0.0,0.0,113.0,0,0.500005,False,REGULAR,USD,,
SPY240731C00488000,2024-06-20 14:19:58+00:00,488.0,62.67,61.27,61.63,0.0,0.0,1.0,208,2.4218789453125,True,REGULAR,USD,,
SPY240731P00489000,2024-07-30 19:59:30+00:00,489.0,0.01,0.0,0.0,0.0,0.0,1503.0,0,0.500005,False,REGULAR,USD,,
SPY240731C00489000,2024-07-17 18:07:04+00:00,489.0,69.47,0.0,0.0,0.0,0.0,1.0,0,1.0000000000000003e-05,True,REGULAR,USD,,
SPY240731P00490000,2024-07-30 20:13:05+00:00,490.0,0.01,0.0,0.0,0.0,0.0,344.0,0,0.500005,False,REGULAR,USD,,
SPY240731C00490000,2024-07-30 14:42:00+00:00,490.0,54.5,0.0,0.0,0.0,0.0,11.0,0,1.0000000000000003e-05,True,REGULAR,USD,,
SPY240731C00491000,2024-06-28 15:15:24+00:00,491.0,59.53,53.56,53.93,0.0,0.0,3.0,16,1.640626796875,True,REGULAR,USD,,
SPY240731P00491000,2024-07-30 17:00:48+00:00,491.0,0.01,0.0,0.0,0.0,0.0,60.0,0,0.500005,False,REGULAR,USD,,
SPY240731P00492000,2024-07-30 20:08:34+00:00,492.0,0.01,0.0,0.0,0.0,0.0,411.0,0,0.500005,False,REGULAR,USD,,
SPY240731C00492000,2024-07-29 18:26:01+00:00,492.0,53.22,0.0,0.0,0.0,0.0,5.0,0,1.0000000000000003e-05,True,REGULAR,USD,,
SPY240731P00493000,2024-07-30 17:28:34+00:00,493.0,0.02,0.0,0.0,0.0,0.0,1.0,0,0.500005,False,REGULAR,USD,,
SPY240731C00493000,2024-07-30 16:05:43+00:00,493.0,47.75,0.0,0.0,0.0,0.0,10.0,0,1.0000000000000003e-05,True,REGULAR,USD,,
SPY240731P00494000,2024-07-30 16:41:04+00:00,494.0,0.01,0.0,0.0,0.0,0.0,68.0,0,0.500005,False,REGULAR,USD,,
SPY240731C00494000,2024-07-17 13:30:00+00:00,494.0,66.13,0.0,0.0,0.0,0.0,4.0,0,1.0000000000000003e-05,True,REGULAR,USD,,
SPY240731P00495000,2024-07-30 20:08:22+00:00,495.0,0.01,0.0,0.0,0.0,0.0,820.0,0,0.500005,False,REGULAR,USD,,
SPY240731C00495000,2024-07-30 13:36:11+00:00,495.0,51.79,0.0,0.0,0.0,0.0,1.0,0,1.0000000000000003e-05,True,REGULAR,USD,,
SPY240731P00496000,2024-07-30 19:54:02+00:00,496.0,0.01,0.0,0.0,0.0,0.0,8.0,0,0.2500075,False,REGULAR,USD,,
SPY240731C00496000,2024-07-02 13:52:05+00:00,496.0,51.98,0.0,0.0,0.0,0.0,4.0,0,1.0000000000000003e-05,True,REGULAR,USD,,
SPY240731P00497000,2024-07-30 16:26:21+00:00,497.0,0.01,0.0,0.0,0.0,0.0,106.0,0,0.2500075,False,REGULAR,USD,,
SPY240731C00497000,2024-07-05 16:29:16+00:00,497.0,58.75,0.0,0.0,0.0,0.0,1.0,0,1.0000000000000003e-05,True,REGULAR,USD,,
SPY240731C00498000,2024-07-29 18:49:49+00:00,498.0,46.91,0.0,0.0,0.0,0.0,12.0,0,1.0000000000000003e-05,True,REGULAR,USD,,
SPY240731P00498000,2024-07-30 20:14:54+00:00,498.0,0.02,0.0,0.0,0.0,0.0,37.0,0,0.2500075,False,REGULAR,USD,,
SPY240731P00499000,2024-07-30 19:50:47+00:00,499.0,0.01,0.0,0.0,0.0,0.0,815.0,0,0.2500075,False,REGULAR,USD,,
SPY240731C00499000,2024-07-30 19:50:42+00:00,499.0,44.46,0.0,0.0,0.0,0.0,1.0,0,1.0000000000000003e-05,True,REGULAR,USD,,
SPY240731P00500000,2024-07-30 20:02:35+00:00,500.0,0.02,0.0,0.0,0.0,0.0,1127.0,0,0.2500075,False,REGULAR,USD,,
SPY240731C00500000,2024-07-30 19:50:42+00:00,500.0,43.46,0.0,0.0,0.0,0.0,25.0,0,1.0000000000000003e-05,True,REGULAR,USD,,
SPY240731C00501000,2024-07-30 19:50:42+00:00,501.0,42.46,0.0,0.0,0.0,0.0,86.0,0,1.0000000000000003e-05,True,REGULAR,USD,,
SPY240731P00501000,2024-07-30 19:56:35+00:00,501.0,0.02,0.0,0.0,0.0,0.0,158.0,0,0.2500075,False,REGULAR,USD,,
SPY240731P00502000,2024-07-30 18:36:41+00:00,502.0,0.02,0.0,0.0,0.0,0.0,2397.0,0,0.2500075,False,REGULAR,USD,,
SPY240731C00502000,2024-07-29 18:06:15+00:00,502.0,43.69,0.0,0.0,0.0,0.0,20.0,0,1.0000000000000003e-05,True,REGULAR,USD,,
SPY240731C00503000,2024-07-30 15:17:52+00:00,503.0,39.2,0.0,0.0,0.0,0.0,317.0,0,1.0000000000000003e-05,True,REGULAR,USD,,
SPY240731P00503000,2024-07-30 15:04:00+00:00,503.0,0.01,0.0,0.0,0.0,0.0,570.0,0,0.2500075,False,REGULAR,USD,,
SPY240731P00504000,2024-07-30 18:40:36+00:00,504.0,0.01,0.0,0.0,0.0,0.0,45.0,0,0.2500075,False,REGULAR,USD,,
SPY240731C00504000,2024-07-30 16:02:04+00:00,504.0,37.02,0.0,0.0,0.0,0.0,1.0,0,1.0000000000000003e-05,True,REGULAR,USD,,
SPY240731P00505000,2024-07-30 17:56:49+00:00,505.0,0.02,0.0,0.0,0.0,0.0,437.0,0,0.2500075,False,REGULAR,USD,,
SPY240731C00505000,2024-07-30 19:50:42+00:00,505.0,38.45,0.0,0.0,0.0,0.0,341.0,0,1.0000000000000003e-05,True,REGULAR,USD,,
SPY240731C00506000,2024-07-30 19:50:42+00:00,506.0,37.45,0.0,0.0,0.0,0.0,248.0,0,1.0000000000000003e-05,True,REGULAR,USD,,
SPY240731P00506000,2024-07-30 17:47:13+00:00,506.0,0.02,0.0,0.0,0.0,0.0,136.0,0,0.2500075,False,REGULAR,USD,,
SPY240731C00507000,2024-07-16 16:32:10+00:00,507.0,56.8,0.0,0.0,0.0,0.0,5.0,0,1.0000000000000003e-05,True,REGULAR,USD,,
SPY240731P00507000,2024-07-30 20:01:16+00:00,507.0,0.02,0.0,0.0,0.0,0.0,235.0,0,0.2500075,False,REGULAR,USD,,
SPY240731P00508000,2024-07-30 20:03:11+00:00,508.0,0.02,0.0,0.0,0.0,0.0,11.0,0,0.2500075,False,REGULAR,USD,,
SPY240731C00508000,2024-07-30 19:50:07+00:00,508.0,35.45,0.0,0.0,0.0,0.0,2.0,0,1.0000000000000003e-05,True,REGULAR,USD,,
SPY240731P00509000,2024-07-30 20:05:30+00:00,509.0,0.02,0.0,0.0,0.0,0.0,83.0,0,0.2500075,False,REGULAR,USD,,
SPY240731C00509000,2024-07-12 15:17:23+00:00,509.0,53.97,0.0,0.0,0.0,0.0,1.0,0,1.0000000000000003e-05,True,REGULAR,USD,,
SPY240731C00510000,2024-07-30 18:45:36+00:00,510.0,31.86,0.0,0.0,0.0,0.0,7.0,0,1.0000000000000003e-05,True,REGULAR,USD,,
SPY240731P00510000,2024-07-30 19:13:36+00:00,510.0,0.02,0.0,0.0,0.0,0.0,1541.0,0,0.2500075,False,REGULAR,USD,,
SPY240731P00511000,2024-07-30 20:13:40+00:00,511.0,0.01,0.0,0.0,0.0,0.0,1528.0,0,0.2500075,False,REGULAR,USD,,
SPY240731C00511000,2024-07-26 17:21:24+00:00,511.0,35.83,0.0,0.0,0.0,0.0,2.0,0,1.0000000000000003e-05,True,REGULAR,USD,,
SPY240731P00512000,2024-07-30 20:13:34+00:00,512.0,0.02,0.0,0.0,0.0,0.0,122.0,0,0.2500075,False,REGULAR,USD,,
SPY240731C00512000,2024-07-26 17:37:51+00:00,512.0,33.22,0.0,0.0,0.0,0.0,2.0,0,1.0000000000000003e-05,True,REGULAR,USD,,
SPY240731C00513000,2024-07-29 17:30:32+00:00,513.0,32.41,0.0,0.0,0.0,0.0,10.0,0,1.0000000000000003e-05,True,REGULAR,USD,,
SPY240731P00513000,2024-07-30 19:54:21+00:00,513.0,0.02,0.0,0.0,0.0,0.0,349.0,0,0.2500075,False,REGULAR,USD,,
SPY240731P00514000,2024-07-30 20:11:03+00:00,514.0,0.02,0.0,0.0,0.0,0.0,326.0,0,0.2500075,False,REGULAR,USD,,
SPY240731C00514000,2024-07-30 16:12:06+00:00,514.0,26.92,0.0,0.0,0.0,0.0,2.0,0,1.0000000000000003e-05,True,REGULAR,USD,,
SPY240731P00515000,2024-07-30 20:14:35+00:00,515.0,0.02,0.0,0.0,0.0,0.0,1087.0,0,0.2500075,False,REGULAR,USD,,
SPY240731C00515000,2024-07-30 20:04:47+00:00,515.0,23.57,0.0,0.0,0.0,0.0,139.0,0,1.0000000000000003e-05,True,REGULAR,USD,,
SPY240731C00516000,2024-07-30 15:01:51+00:00,516.0,27.1,0.0,0.0,0.0,0.0,26.0,0,1.0000000000000003e-05,True,REGULAR,USD,,
SPY240731P00516000,2024-07-30 19:51:07+00:00,516.0,0.02,0.0,0.0,0.0,0.0,618.0,0,0.2500075,False,REGULAR,USD,,
SPY240731C00517000,2024-07-30 20:04:47+00:00,517.0,21.56,0.0,0.0,0.0,0.0,28.0,0,1.0000000000000003e-05,True,REGULAR,USD,,
SPY240731P00517000,2024-07-30 19:46:56+00:00,517.0,0.02,0.0,0.0,0.0,0.0,52.0,0,0.2500075,False,REGULAR,USD,,
SPY240731P00518000,2024-07-30 20:14:42+00:00,518.0,0.03,0.0,0.0,0.0,0.0,398.0,0,0.2500075,False,REGULAR,USD,,
SPY240731C00518000,2024-07-30 18:21:47+00:00,518.0,24.55,0.0,0.0,0.0,0.0,5.0,0,1.0000000000000003e-05,True,REGULAR,USD,,
SPY240731C00519000,2024-07-30 17:04:49+00:00,519.0,20.4,0.0,0.0,0.0,0.0,1.0,0,1.0000000000000003e-05,True,REGULAR,USD,,
SPY240731P00519000,2024-07-30 20:13:33+00:00,519.0,0.03,0.0,0.0,0.0,0.0,1250.0,0,0.2500075,False,REGULAR,USD,,
SPY240731P00520000,2024-07-30 20:14:54+00:00,520.0,0.04,0.0,0.0,0.0,0.0,1484.0,0,0.12500875,False,REGULAR,USD,,
SPY240731C00520000,2024-07-30 20:08:14+00:00,520.0,19.21,0.0,0.0,0.0,0.0,37.0,0,1.0000000000000003e-05,True,REGULAR,USD,,
SPY240731P00521000,2024-07-30 20:14:47+00:00,521.0,0.04,0.0,0.0,0.0,0.0,2499.0,0,0.12500875,False,REGULAR,USD,,
SPY240731C00521000,2024-07-30 19:39:13+00:00,521.0,20.51,0.0,0.0,0.0,0.0,10.0,0,1.0000000000000003e-05,True,REGULAR,USD,,
SPY240731P00522000,2024-07-30 20:12:38+00:00,522.0,0.04,0.0,0.0,0.0,0.0,3224.0,0,0.12500875,False,REGULAR,USD,,
SPY240731C00522000,2024-07-30 14:26:07+00:00,522.0,23.0,0.0,0.0,0.0,0.0,1.0,0,1.0000000000000003e-05,True,REGULAR,USD,,
SPY240731P00523000,2024-07-30 20:14:24+00:00,523.0,0.05,0.0,0.0,0.0,0.0,906.0,0,0.12500875,False,REGULAR,USD,,
SPY240731C00523000,2024-07-30 16:05:16+00:00,523.0,17.53,0.0,0.0,0.0,0.0,1.0,0,1.0000000000000003e-05,True,REGULAR,USD,,
SPY240731C00524000,2024-07-30 17:20:19+00:00,524.0,16.55,0.0,0.0,0.0,0.0,2.0,0,1.0000000000000003e-05,True,REGULAR,USD,,
SPY240731P00524000,2024-07-30 20:14:39+00:00,524.0,0.07,0.0,0.0,0.0,0.0,3206.0,0,0.12500875,False,REGULAR,USD,,
SPY240731P00525000,2024-07-30 20:14:59+00:00,525.0,0.09,0.0,0.0,0.0,0.0,4838.0,0,0.12500875,False,REGULAR,USD,,
SPY240731C00525000,2024-07-30 20:07:57+00:00,525.0,14.24,0.0,0.0,0.0,0.0,18.0,0,1.0000000000000003e-05,True,REGULAR,USD,,
SPY240731P00526000,2024-07-30 20:14:38+00:00,526.0,0.1,0.0,0.0,0.0,0.0,2776.0,0,0.12500875,False,REGULAR,USD,,
SPY240731C00526000,2024-07-30 19:46:56+00:00,526.0,16.19,0.0,0.0,0.0,0.0,4.0,0,1.0000000000000003e-05,True,REGULAR,USD,,
SPY240731C00527000,2024-07-30 20:06:47+00:00,527.0,11.64,0.0,0.0,0.0,0.0,34.0,0,1.0000000000000003e-05,True,REGULAR,USD,,
SPY240731P00527000,2024-07-30 20:14:36+00:00,527.0,0.13,0.0,0.0,0.0,0.0,5274.0,0,0.12500875,False,REGULAR,USD,,
SPY240731P00528000,2024-07-30 20:14:57+00:00,528.0,0.19,0.0,0.0,0.0,0.0,4765.0,0,0.12500875,False,REGULAR,USD,,
SPY240731C00528000,2024-07-30 19:29:58+00:00,528.0,13.96,0.0,0.0,0.0,0.0,5.0,0,1.0000000000000003e-05,True,REGULAR,USD,,
SPY240731P00529000,2024-07-30 20:14:55+00:00,529.0,0.24,0.0,0.0,0.0,0.0,5096.0,0,0.12500875,False,REGULAR,USD,,
SPY240731C00529000,2024-07-30 19:37:00+00:00,529.0,13.01,0.0,0.0,0.0,0.0,6.0,0,1.0000000000000003e-05,True,REGULAR,USD,,
SPY240731P00530000,2024-07-30 20:14:59+00:00,530.0,0.34,0.0,0.0,0.0,0.0,29517.0,0,0.12500875,False,REGULAR,USD,,
SPY240731C00530000,2024-07-30 19:58:43+00:00,530.0,12.83,0.0,0.0,0.0,0.0,215.0,0,1.0000000000000003e-05,True,REGULAR,USD,,
SPY240731C00531000,2024-07-30 20:09:03+00:00,531.0,8.74,0.0,0.0,0.0,0.0,5582.0,0,1.0000000000000003e-05,True,REGULAR,USD,,
SPY240731P00531000,2024-07-30 20:14:58+00:00,531.0,0.44,0.0,0.0,0.0,0.0,17585.0,0,0.12500875,False,REGULAR,USD,,
SPY240731P00532000,2024-07-30 20:14:55+00:00,532.0,0.6,0.0,0.0,0.0,0.0,14878.0,0,0.062509375,False,REGULAR,USD,Buy Put,3rd Std Dev
SPY240731C00532000,2024-07-30 20:13:43+00:00,532.0,7.77,0.0,0.0,0.0,0.0,122.0,0,1.0000000000000003e-05,True,REGULAR,USD,Buy Put,3rd Std Dev
SPY240731P00533000,2024-07-30 20:14:58+00:00,533.0,0.84,0.0,0.0,0.0,0.0,11795.0,0,0.062509375,False,REGULAR,USD,Sell Put,3rd Std Dev
SPY240731C00533000,2024-07-30 20:13:53+00:00,533.0,6.87,0.0,0.0,0.0,0.0,99.0,0,1.0000000000000003e-05,True,REGULAR,USD,Sell Put,3rd Std Dev
SPY240731C00534000,2024-07-30 20:11:32+00:00,534.0,6.09,0.0,0.0,0.0,0.0,122.0,0,1.0000000000000003e-05,True,REGULAR,USD,,
SPY240731P00534000,2024-07-30 20:14:58+00:00,534.0,1.02,0.0,0.0,0.0,0.0,16400.0,0,0.062509375,False,REGULAR,USD,,
SPY240731P00535000,2024-07-30 20:14:58+00:00,535.0,1.32,0.0,0.0,0.0,0.0,39462.0,0,0.062509375,False,REGULAR,USD,Buy Put,2nd Std Dev
SPY240731C00535000,2024-07-30 20:14:32+00:00,535.0,5.44,0.0,0.0,0.0,0.0,848.0,0,1.0000000000000003e-05,True,REGULAR,USD,Buy Put,2nd Std Dev
SPY240731P00536000,2024-07-30 20:14:58+00:00,536.0,1.66,0.0,0.0,0.0,0.0,15839.0,0,0.062509375,False,REGULAR,USD,Sell Put,2nd Std Dev
SPY240731C00536000,2024-07-30 20:13:59+00:00,536.0,4.63,0.0,0.0,0.0,0.0,229.0,0,1.0000000000000003e-05,True,REGULAR,USD,Sell Put,2nd Std Dev
SPY240731P00537000,2024-07-30 20:14:56+00:00,537.0,2.03,0.0,0.0,0.0,0.0,27171.0,0,0.0312596875,False,REGULAR,USD,,
SPY240731C00537000,2024-07-30 20:10:41+00:00,537.0,4.09,0.0,0.0,0.0,0.0,829.0,0,1.0000000000000003e-05,True,REGULAR,USD,,
SPY240731P00538000,2024-07-30 20:14:57+00:00,538.0,2.44,0.0,0.0,0.0,0.0,39205.0,0,0.0312596875,False,REGULAR,USD,Buy Put,1st Std Dev
SPY240731C00538000,2024-07-30 20:14:52+00:00,538.0,3.5,0.0,0.0,0.0,0.0,3086.0,0,1.0000000000000003e-05,True,REGULAR,USD,Buy Put,1st Std Dev
SPY240731C00539000,2024-07-30 20:14:50+00:00,539.0,2.95,0.0,0.0,0.0,0.0,5514.0,0,1.0000000000000003e-05,True,REGULAR,USD,Sell Put,1st Std Dev
SPY240731P00539000,2024-07-30 20:14:57+00:00,539.0,2.9,0.0,0.0,0.0,0.0,34326.0,0,0.0312596875,False,REGULAR,USD,Sell Put,1st Std Dev
SPY240731C00540000,2024-07-30 20:14:58+00:00,540.0,2.48,0.0,0.0,0.0,0.0,27048.0,0,1.0000000000000003e-05,True,REGULAR,USD,,
SPY240731P00540000,2024-07-30 20:14:57+00:00,540.0,3.41,0.0,0.0,0.0,0.0,66480.0,0,0.015634843750000002,False,REGULAR,USD,,
SPY240731C00541000,2024-07-30 20:14:59+00:00,541.0,2.06,0.0,0.0,0.0,0.0,36389.0,0,1.0000000000000003e-05,True,REGULAR,USD,,
SPY240731P00541000,2024-07-30 20:14:45+00:00,541.0,4.0,0.0,0.0,0.0,0.0,58151.0,0,0.007822421875,False,REGULAR,USD,,
SPY240731C00542000,2024-07-30 20:14:52+00:00,542.0,1.67,0.0,0.0,0.0,0.0,47075.0,0,7.103454589843751e-05,False,REGULAR,USD,,
SPY240731P00542000,2024-07-30 20:14:59+00:00,542.0,4.6,0.0,0.0,0.0,0.0,36944.0,0,7.103454589843751e-05,False,REGULAR,USD,,
SPY240731C00543000,2024-07-30 20:14:41+00:00,543.0,1.33,0.0,0.0,0.0,0.0,35748.0,0,0.007822421875,False,REGULAR,USD,,
SPY240731P00543000,2024-07-30 20:14:58+00:00,543.0,5.24,0.0,0.0,0.0,0.0,41193.0,0,1.0000000000000003e-05,True,REGULAR,USD,,
SPY240731P00544000,2024-07-30 20:14:44+00:00,544.0,6.03,0.0,0.0,0.0,0.0,17417.0,0,1.0000000000000003e-05,True,REGULAR,USD,,
SPY240731C00544000,2024-07-30 20:14:58+00:00,544.0,1.06,0.0,0.0,0.0,0.0,33782.0,0,0.015634843750000002,False,REGULAR,USD,,
SPY240731C00545000,2024-07-30 20:14:58+00:00,545.0,0.82,0.0,0.0,0.0,0.0,48984.0,0,0.0312596875,False,REGULAR,USD,Sell Call,1st Std Dev
SPY240731P00545000,2024-07-30 20:13:53+00:00,545.0,6.76,0.0,0.0,0.0,0.0,38887.0,0,1.0000000000000003e-05,True,REGULAR,USD,Sell Call,1st Std Dev
SPY240731P00546000,2024-07-30 20:13:54+00:00,546.0,7.52,0.0,0.0,0.0,0.0,21698.0,0,1.0000000000000003e-05,True,REGULAR,USD,Buy Call,1st Std Dev
SPY240731C00546000,2024-07-30 20:14:58+00:00,546.0,0.6,0.0,0.0,0.0,0.0,48816.0,0,0.0312596875,False,REGULAR,USD,Buy Call,1st Std Dev
SPY240731P00547000,2024-07-30 20:11:45+00:00,547.0,8.5,0.0,0.0,0.0,0.0,20757.0,0,1.0000000000000003e-05,True,REGULAR,USD,,
SPY240731C00547000,2024-07-30 20:14:59+00:00,547.0,0.44,0.0,0.0,0.0,0.0,52008.0,0,0.0312596875,False,REGULAR,USD,,
SPY240731P00548000,2024-07-30 20:12:25+00:00,548.0,9.26,0.0,0.0,0.0,0.0,2405.0,0,1.0000000000000003e-05,True,REGULAR,USD,Sell Call,2nd Std Dev
SPY240731C00548000,2024-07-30 20:14:51+00:00,548.0,0.32,0.0,0.0,0.0,0.0,27621.0,0,0.062509375,False,REGULAR,USD,Sell Call,2nd Std Dev
SPY240731P00549000,2024-07-30 20:12:44+00:00,549.0,10.13,0.0,0.0,0.0,0.0,742.0,0,1.0000000000000003e-05,True,REGULAR,USD,Buy Call,2nd Std Dev
SPY240731C00549000,2024-07-30 20:14:59+00:00,549.0,0.23,0.0,0.0,0.0,0.0,19008.0,0,0.062509375,False,REGULAR,USD,Buy Call,2nd Std Dev
SPY240731P00550000,2024-07-30 20:12:50+00:00,550.0,11.02,0.0,0.0,0.0,0.0,3017.0,0,1.0000000000000003e-05,True,REGULAR,USD,,
SPY240731C00550000,2024-07-30 20:14:59+00:00,550.0,0.15,0.0,0.0,0.0,0.0,40866.0,0,0.062509375,False,REGULAR,USD,,
SPY240731P00551000,2024-07-30 20:01:49+00:00,551.0,11.73,0.0,0.0,0.0,0.0,147.0,0,1.0000000000000003e-05,True,REGULAR,USD,Sell Call,3rd Std Dev
SPY240731C00551000,2024-07-30 20:14:56+00:00,551.0,0.1,0.0,0.0,0.0,0.0,13426.0,0,0.062509375,False,REGULAR,USD,Sell Call,3rd Std Dev
SPY240731P00552000,2024-07-30 20:01:52+00:00,552.0,12.7,0.0,0.0,0.0,0.0,441.0,0,1.0000000000000003e-05,True,REGULAR,USD,Buy Call,3rd Std Dev
SPY240731C00552000,2024-07-30 20:14:45+00:00,552.0,0.08,0.0,0.0,0.0,0.0,26449.0,0,0.062509375,False,REGULAR,USD,Buy Call,3rd Std Dev
SPY240731P00553000,2024-07-30 19:51:06+00:00,553.0,9.77,0.0,0.0,0.0,0.0,837.0,0,1.0000000000000003e-05,True,REGULAR,USD,,
SPY240731C00553000,2024-07-30 20:14:51+00:00,553.0,0.05,0.0,0.0,0.0,0.0,12599.0,0,0.062509375,False,REGULAR,USD,,
SPY240731C00554000,2024-07-30 20:14:45+00:00,554.0,0.03,0.0,0.0,0.0,0.0,14703.0,0,0.12500875,False,REGULAR,USD,,
SPY240731P00554000,2024-07-30 19:51:38+00:00,554.0,10.86,0.0,0.0,0.0,0.0,189.0,0,1.0000000000000003e-05,True,REGULAR,USD,,
SPY240731P00555000,2024-07-30 20:00:40+00:00,555.0,14.36,0.0,0.0,0.0,0.0,232.0,0,1.0000000000000003e-05,True,REGULAR,USD,,
SPY240731C00555000,2024-07-30 20:14:52+00:00,555.0,0.03,0.0,0.0,0.0,0.0,13704.0,0,0.12500875,False,REGULAR,USD,,
SPY240731C00556000,2024-07-30 20:13:55+00:00,556.0,0.02,0.0,0.0,0.0,0.0,12132.0,0,0.12500875,False,REGULAR,USD,,
SPY240731P00556000,2024-07-30 19:58:31+00:00,556.0,13.42,0.0,0.0,0.0,0.0,9.0,0,1.0000000000000003e-05,True,REGULAR,USD,,
SPY240731C00557000,2024-07-30 20:14:06+00:00,557.0,0.02,0.0,0.0,0.0,0.0,8396.0,0,0.12500875,False,REGULAR,USD,,
SPY240731P00557000,2024-07-30 19:49:50+00:00,557.0,13.44,0.0,0.0,0.0,0.0,47.0,0,1.0000000000000003e-05,True,REGULAR,USD,,
SPY240731C00558000,2024-07-30 20:14:48+00:00,558.0,0.02,0.0,0.0,0.0,0.0,3893.0,0,0.12500875,False,REGULAR,USD,,
SPY240731P00558000,2024-07-30 19:49:51+00:00,558.0,14.48,0.0,0.0,0.0,0.0,32.0,0,1.0000000000000003e-05,True,REGULAR,USD,,
SPY240731C00559000,2024-07-30 20:13:58+00:00,559.0,0.01,0.0,0.0,0.0,0.0,2632.0,0,0.12500875,False,REGULAR,USD,,
SPY240731P00559000,2024-07-30 19:25:40+00:00,559.0,17.48,0.0,0.0,0.0,0.0,21.0,0,1.0000000000000003e-05,True,REGULAR,USD,,
SPY240731C00560000,2024-07-30 20:11:14+00:00,560.0,0.01,0.0,0.0,0.0,0.0,4162.0,0,0.12500875,False,REGULAR,USD,,
SPY240731P00560000,2024-07-30 17:40:40+00:00,560.0,18.93,0.0,0.0,0.0,0.0,4.0,0,1.0000000000000003e-05,True,REGULAR,USD,,
SPY240731P00561000,2024-07-30 19:50:37+00:00,561.0,17.78,0.0,0.0,0.0,0.0,14.0,0,1.0000000000000003e-05,True,REGULAR,USD,,
SPY240731C00561000,2024-07-30 20:03:32+00:00,561.0,0.01,0.0,0.0,0.0,0.0,1761.0,0,0.12500875,False,REGULAR,USD,,
SPY240731P00562000,2024-07-30 16:55:13+00:00,562.0,22.66,0.0,0.0,0.0,0.0,15.0,0,1.0000000000000003e-05,True,REGULAR,USD,,
SPY240731C00562000,2024-07-30 20:06:27+00:00,562.0,0.01,0.0,0.0,0.0,0.0,3631.0,0,0.12500875,False,REGULAR,USD,,
SPY240731P00563000,2024-07-30 18:27:56+00:00,563.0,21.4,0.0,0.0,0.0,0.0,5.0,0,1.0000000000000003e-05,True,REGULAR,USD,,
SPY240731C00563000,2024-07-30 20:06:51+00:00,563.0,0.01,0.0,0.0,0.0,0.0,805.0,0,0.12500875,False,REGULAR,USD,,
SPY240731P00564000,2024-07-30 17:48:24+00:00,564.0,22.99,0.0,0.0,0.0,0.0,15.0,0,1.0000000000000003e-05,True,REGULAR,USD,,
SPY240731C00564000,2024-07-30 20:02:34+00:00,564.0,0.01,0.0,0.0,0.0,0.0,309.0,0,0.12500875,False,REGULAR,USD,,
SPY240731P00565000,2024-07-30 17:31:01+00:00,565.0,24.7,0.0,0.0,0.0,0.0,1.0,0,1.0000000000000003e-05,True,REGULAR,USD,,
SPY240731C00565000,2024-07-30 20:01:54+00:00,565.0,0.01,0.0,0.0,0.0,0.0,518.0,0,0.12500875,False,REGULAR,USD,,
SPY240731P00566000,2024-07-30 18:35:31+00:00,566.0,24.18,0.0,0.0,0.0,0.0,4.0,0,1.0000000000000003e-05,True,REGULAR,USD,,
SPY240731C00566000,2024-07-30 19:43:11+00:00,566.0,0.01,0.0,0.0,0.0,0.0,1109.0,0,0.2500075,False,REGULAR,USD,,
SPY240731C00567000,2024-07-30 19:50:00+00:00,567.0,0.01,0.0,0.0,0.0,0.0,466.0,0,0.2500075,False,REGULAR,USD,,
SPY240731P00567000,2024-07-30 15:09:17+00:00,567.0,25.28,0.0,0.0,0.0,0.0,2.0,0,1.0000000000000003e-05,True,REGULAR,USD,,
SPY240731P00568000,2024-07-18 16:39:11+00:00,568.0,14.33,0.0,0.0,0.0,0.0,4.0,0,1.0000000000000003e-05,True,REGULAR,USD,,
SPY240731C00568000,2024-07-30 19:05:06+00:00,568.0,0.01,0.0,0.0,0.0,0.0,89.0,0,0.2500075,False,REGULAR,USD,,
SPY240731P00569000,2024-07-30 17:48:39+00:00,569.0,27.92,0.0,0.0,0.0,0.0,2.0,0,1.0000000000000003e-05,True,REGULAR,USD,,
SPY240731C00569000,2024-07-30 15:11:42+00:00,569.0,0.01,0.0,0.0,0.0,0.0,4.0,0,0.2500075,False,REGULAR,USD,,
SPY240731P00570000,2024-07-23 13:45:40+00:00,570.0,14.5,0.0,0.0,0.0,0.0,2.0,0,1.0000000000000003e-05,True,REGULAR,USD,,
SPY240731C00570000,2024-07-30 19:10:38+00:00,570.0,0.01,0.0,0.0,0.0,0.0,23.0,0,0.2500075,False,REGULAR,USD,,
SPY240731P00571000,2024-07-18 19:59:05+00:00,571.0,18.32,0.0,0.0,0.0,0.0,10.0,0,1.0000000000000003e-05,True,REGULAR,USD,,
SPY240731C00571000,2024-07-29 19:59:48+00:00,571.0,0.01,0.0,0.0,0.0,0.0,121.0,0,0.2500075,False,REGULAR,USD,,
SPY240731P00572000,2024-07-19 19:12:13+00:00,572.0,21.98,0.0,0.0,0.0,0.0,10.0,0,1.0000000000000003e-05,True,REGULAR,USD,,
SPY240731C00572000,2024-07-30 18:59:16+00:00,572.0,0.01,0.0,0.0,0.0,0.0,4.0,0,0.2500075,False,REGULAR,USD,,
SPY240731C00573000,2024-07-30 14:00:23+00:00,573.0,0.01,0.0,0.0,0.0,0.0,1.0,0,0.2500075,False,REGULAR,USD,,
SPY240731P00573000,2024-07-22 14:30:15+00:00,573.0,19.9,0.0,0.0,0.0,0.0,5.0,0,1.0000000000000003e-05,True,REGULAR,USD,,
SPY240731C00574000,2024-07-30 19:01:46+00:00,574.0,0.01,0.0,0.0,0.0,0.0,4.0,0,0.2500075,False,REGULAR,USD,,
SPY240731P00574000,2024-07-30 13:46:32+00:00,574.0,27.55,0.0,0.0,0.0,0.0,2.0,0,1.0000000000000003e-05,True,REGULAR,USD,,
SPY240731P00575000,2024-07-26 19:04:55+00:00,575.0,31.63,0.0,0.0,0.0,0.0,2.0,0,1.0000000000000003e-05,True,REGULAR,USD,,
SPY240731C00575000,2024-07-30 17:30:17+00:00,575.0,0.01,0.0,0.0,0.0,0.0,9.0,0,0.2500075,False,REGULAR,USD,,
SPY240731C00576000,2024-07-29 16:44:48+00:00,576.0,0.01,0.0,0.0,0.0,0.0,2.0,0,0.2500075,False,REGULAR,USD,,
SPY240731P00576000,2024-07-17 18:05:08+00:00,576.0,19.0,0.0,0.0,0.0,0.0,3.0,0,1.0000000000000003e-05,True,REGULAR,USD,,
SPY240731C00577000,2024-07-30 20:00:59+00:00,577.0,0.01,0.0,0.0,0.0,0.0,10.0,0,0.2500075,False,REGULAR,USD,,
SPY240731C00578000,2024-07-26 17:23:40+00:00,578.0,0.03,0.0,0.0,0.0,0.0,10.0,0,0.2500075,False,REGULAR,USD,,
SPY240731C00579000,2024-07-26 14:41:39+00:00,579.0,0.01,0.0,0.0,0.0,0.0,25.0,0,0.2500075,False,REGULAR,USD,,
SPY240731P00580000,2024-07-18 19:59:05+00:00,580.0,27.48,0.0,0.0,0.0,0.0,27.0,0,1.0000000000000003e-05,True,REGULAR,USD,,
SPY240731C00580000,2024-07-30 13:37:07+00:00,580.0,0.01,0.0,0.0,0.0,0.0,5.0,0,0.2500075,False,REGULAR,USD,,
SPY240731P00585000,2024-07-18 19:25:34+00:00,585.0,34.1,0.0,0.0,0.0,0.0,2.0,0,1.0000000000000003e-05,True,REGULAR,USD,,
SPY240731C00585000,2024-07-26 19:50:36+00:00,585.0,0.01,0.0,0.0,0.0,0.0,339.0,0,0.2500075,False,REGULAR,USD,,
SPY240731P00590000,2024-07-18 18:33:11+00:00,590.0,37.5,0.0,0.0,0.0,0.0,20.0,0,1.0000000000000003e-05,True,REGULAR,USD,,
SPY240731C00590000,2024-07-29 14:06:13+00:00,590.0,0.01,0.0,0.0,0.0,0.0,2.0,0,0.2500075,False,REGULAR,USD,,
SPY240731P00595000,2024-07-25 20:09:24+00:00,595.0,56.86,0.0,0.0,0.0,0.0,1.0,0,1.0000000000000003e-05,True,REGULAR,USD,,
SPY240731C00595000,2024-07-25 19:29:24+00:00,595.0,0.01,0.0,0.0,0.0,0.0,519.0,0,0.500005,False,REGULAR,USD,,
SPY240731P00600000,2024-07-30 18:32:47+00:00,600.0,58.3,0.0,0.0,0.0,0.0,1.0,0,1.0000000000000003e-05,True,REGULAR,USD,,
SPY240731C00600000,2024-07-25 17:15:26+00:00,600.0,0.01,0.0,0.0,0.0,0.0,8.0,0,0.500005,False,REGULAR,USD,,
SPY240731P00605000,2024-07-23 19:51:51+00:00,605.0,50.83,0.0,0.0,0.0,0.0,6.0,0,1.0000000000000003e-05,True,REGULAR,USD,,
SPY240731C00605000,2024-07-25 16:55:36+00:00,605.0,0.01,0.0,0.0,0.0,0.0,130.0,0,0.500005,False,REGULAR,USD,,
SPY240731C00610000,2024-07-24 17:13:58+00:00,610.0,0.01,0.0,0.0,0.0,0.0,5.0,0,0.500005,False,REGULAR,USD,,
SPY240731C00615000,2024-07-22 15:09:51+00:00,615.0,0.01,0.0,0.0,0.0,0.0,2.0,0,0.500005,False,REGULAR,USD,,
SPY240731C00620000,2024-07-17 15:56:07+00:00,620.0,0.01,0.0,0.0,0.0,0.0,1.0,0,0.500005,False,REGULAR,USD,,
SPY240731P00620000,2024-06-21 19:36:46+00:00,620.0,75.33,71.4,71.75,0.0,0.0,1.0,0,1.0000000000000003e-05,True,REGULAR,USD,,
SPY240731C00625000,2024-07-18 15:00:40+00:00,625.0,0.01,0.0,0.0,0.0,0.0,9.0,0,0.500005,False,REGULAR,USD,,
SPY240731P00625000,2024-06-21 19:36:46+00:00,625.0,80.31,76.4,76.75,0.0,0.0,1.0,0,1.0000000000000003e-05,True,REGULAR,USD,,
SPY240731C00635000,2024-07-26 19:59:36+00:00,635.0,0.01,0.0,0.0,0.0,0.0,8.0,0,0.500005,False,REGULAR,USD,,
SPY240731C00645000,2024-07-30 13:30:07+00:00,645.0,0.01,0.0,0.0,0.0,0.0,1.0,0,0.500005,False,REGULAR,USD,,
